INSERT INTO User (id,user_name,first_name,last_name,description,email,encrypted_password,failed_login_attempts,active,date_created,last_updated) VALUES (1,'user', 'Ram', 'Kumar', 'Normal User','test@test.com', '$2a$10$iNIYQcqu5wUot1RN0oTaje0o53kczGi7yTv1Nu3LRvIgKIwzXBGja', 0, 'true', CURRENT_TIMESTAMP, CURRENT_TIMESTAMP);
INSERT INTO User (id,user_name,first_name,last_name,description,email,encrypted_password,failed_login_attempts,active,date_created,last_updated) VALUES (2,'admin', 'Dev', 'Tyagi', 'Admin','pqr@test.com', '$2a$10$5QY9H.gt4qToYDyMvSlLQ.7/wgwNm6UBAMPvaOj7LFlUhtZHxXK4a', 0, 'true', CURRENT_TIMESTAMP, CURRENT_TIMESTAMP);
INSERT INTO User (id,user_name,first_name,last_name,description,email,encrypted_password,failed_login_attempts,active,date_created,last_updated) VALUES (3,'publisher', 'Bhishma', 'Shah', 'XYZ Publication','abc@test.com', '$2a$10$Ex.TaJdew.5KUZ2pXyPO9.AJulsvNxkliNzZuFXxV7QojceSZMrdm', 0, 'true', CURRENT_TIMESTAMP, CURRENT_TIMESTAMP);
INSERT INTO User (id,user_name,first_name,last_name,description,email,encrypted_password,failed_login_attempts,active,date_created,last_updated) VALUES (4,'user1', 'Tej', 'Kushwaha', 'Normal User','test1@test.com', '$2a$10$iNIYQcqu5wUot1RN0oTaje0o53kczGi7yTv1Nu3LRvIgKIwzXBGja', 0, 'true', CURRENT_TIMESTAMP, CURRENT_TIMESTAMP);
INSERT INTO User (id,user_name,first_name,last_name,description,email,encrypted_password,failed_login_attempts,active,date_created,last_updated) VALUES (5,'user2', 'Amit', 'Mandal', 'Normal User','test2@test.com', '$2a$10$iNIYQcqu5wUot1RN0oTaje0o53kczGi7yTv1Nu3LRvIgKIwzXBGja', 0, 'true', CURRENT_TIMESTAMP, CURRENT_TIMESTAMP);
INSERT INTO User (id,user_name,first_name,last_name,description,email,encrypted_password,failed_login_attempts,active,date_created,last_updated) VALUES (6,'publisher1', 'Vinish', 'Kumar', 'PQR Publication','abc1@test.com', '$2a$10$Ex.TaJdew.5KUZ2pXyPO9.AJulsvNxkliNzZuFXxV7QojceSZMrdm', 0, 'true', CURRENT_TIMESTAMP, CURRENT_TIMESTAMP);


INSERT INTO Role (id,role,description,date_created, last_updated) VALUES (1, 'ROLE_USER', 'A normal user who can search and review books', CURRENT_TIMESTAMP, CURRENT_TIMESTAMP);
INSERT INTO Role (id,role,description,date_created, last_updated) VALUES (2, 'ROLE_ADMIN', 'An admin who can add publisher, assign roles to users and activate or deactivate any user/publisher', CURRENT_TIMESTAMP, CURRENT_TIMESTAMP);
INSERT INTO Role (id,role,description,date_created, last_updated) VALUES (3, 'ROLE_PUBLISHER', 'A publisher can create new category/author and add new books', CURRENT_TIMESTAMP, CURRENT_TIMESTAMP);

INSERT INTO User_roles (user_id, role_id) VALUES (1, 1);
INSERT INTO User_roles (user_id, role_id) VALUES (2, 2);
INSERT INTO User_roles (user_id, role_id) VALUES (3, 3);
INSERT INTO User_roles (user_id, role_id) VALUES (4, 1);
INSERT INTO User_roles (user_id, role_id) VALUES (5, 1);
INSERT INTO User_roles (user_id, role_id) VALUES (6, 3);

INSERT INTO Category (id,name,description,date_created, last_updated) VALUES (1, 'EDU', 'Education', CURRENT_TIMESTAMP, CURRENT_TIMESTAMP);
INSERT INTO Category (id,name,description,date_created, last_updated) VALUES (2, 'TECH', 'Technology', CURRENT_TIMESTAMP, CURRENT_TIMESTAMP);
INSERT INTO Category (id,name,description,date_created, last_updated) VALUES (3, 'SCI', 'Science', CURRENT_TIMESTAMP, CURRENT_TIMESTAMP);
INSERT INTO Category (id,name,description,date_created, last_updated) VALUES (4, 'SPRL', 'Spiritual', CURRENT_TIMESTAMP, CURRENT_TIMESTAMP);
INSERT INTO Category (id,name,description,date_created, last_updated) VALUES (5, 'POLS', 'Politics', CURRENT_TIMESTAMP, CURRENT_TIMESTAMP);
INSERT INTO Category (id,name,description,date_created, last_updated) VALUES (6, 'ENV', 'Environment', CURRENT_TIMESTAMP, CURRENT_TIMESTAMP);

INSERT INTO Author (id,name,description,date_created, last_updated) VALUES (1, 'Wally Lamb', 'Wally Lambs books are neither short nor simple; but like a James Patterson of emotions, he pulls readers in and doesnt let go. His affecting novels are marvels of imagination and empathy.', CURRENT_TIMESTAMP, CURRENT_TIMESTAMP);
INSERT INTO Author (id,name,description,date_created, last_updated) VALUES (2, 'Honor Moore', 'Honor Moore is a poet and the author of The Bishops Daughter. She lives in New York City and teaches at the New School and Columbia University.', CURRENT_TIMESTAMP, CURRENT_TIMESTAMP);
INSERT INTO Author (id,name,description,date_created, last_updated) VALUES (3, 'Rod Johnson', 'Roderick (Rod) Johnson is an Australian computer specialist who created the Spring Framework and co-founded SpringSource', CURRENT_TIMESTAMP, CURRENT_TIMESTAMP);
INSERT INTO Author (id,name,description,date_created, last_updated) VALUES (4, 'Craig Walls', 'Craig Walls is a principal software engineer at Pivotal, a popular author, an enthusiastic supporter of Spring Framework and voice-first applications, and a frequent conference speaker', CURRENT_TIMESTAMP, CURRENT_TIMESTAMP);
INSERT INTO Author (id,name,description,date_created, last_updated) VALUES (5, 'Sanjay Baru', 'Sanjaya Baru is a political commentator and policy analyst. He served as Secretary General of the Federation of Indian Chambers of Commerce and Industry until his resignation in April 2018', CURRENT_TIMESTAMP, CURRENT_TIMESTAMP);
INSERT INTO Author (id,name,description,date_created, last_updated) VALUES (6, 'Tulsidas', 'Tulsidas, also known as Goswami Tulsidas, was a Ramanandi Vaishnava saint and poet, renowned for his devotion to the deity Rama', CURRENT_TIMESTAMP, CURRENT_TIMESTAMP);
INSERT INTO Author (id,name,description,date_created, last_updated) VALUES (7, 'Deepak Vashist', 'Seasoned professional in software design, development, delivery, monitoring, team management and vendor management. Driven to use modern application architecture and concepts for building scalable and efficient web applications', CURRENT_TIMESTAMP, CURRENT_TIMESTAMP);

INSERT INTO Book (id,isbn,title,description,release_date,book_image,author_id,category_id,date_created, last_updated) VALUES (1, '0618260307', 'The Hobbit', 'The Hobbit is a best-selling textbook on life.', '11/05/2019', '0618260307.jpg', 1, 1, CURRENT_TIMESTAMP, CURRENT_TIMESTAMP);
INSERT INTO Book (id,isbn,title,description,release_date,book_image,author_id,category_id,date_created, last_updated) VALUES (2, '0908606664', 'Slinky Malinki', 'Slinky Malinki is a best-selling textbook on life.', '11/05/2019', '0908606664.jpg', 2, 3, CURRENT_TIMESTAMP, CURRENT_TIMESTAMP);
INSERT INTO Book (id,isbn,title,description,release_date,book_image,author_id,category_id,date_created, last_updated) VALUES (3, '1908606206', 'Hairy Maclary from Donaldsons Dairy', 'Hairy Maclary from Donaldsons Dairy is a best-selling textbook on envirement.', '11/05/2019', '1908606206.jpg', 5, 3, CURRENT_TIMESTAMP, CURRENT_TIMESTAMP);
INSERT INTO Book (id,isbn,title,description,release_date,book_image,author_id,category_id,date_created, last_updated) VALUES (4, '0393310728', 'How to Lie with Statistics', 'How to Lie with Statistics is a best-selling textbook on mathematics.', '11/05/2019', '0393310728.jpg', 3, 2, CURRENT_TIMESTAMP, CURRENT_TIMESTAMP);
INSERT INTO Book (id,isbn,title,description,release_date,book_image,author_id,category_id,date_created, last_updated) VALUES (5, '0908783116', 'Mechanical Harry', 'Mechanical Harry is a best-selling textbook on mechanical systems.', '11/05/2019', '0908783116.jpg', 1, 1, CURRENT_TIMESTAMP, CURRENT_TIMESTAMP);
INSERT INTO Book (id,isbn,title,description,release_date,book_image,author_id,category_id,date_created, last_updated) VALUES (6, '0908606273', 'My Cat Likes to Hide in Boxes', 'My Cat Likes to Hide in Boxes is a best-selling textbook on life study.', '11/05/2019', '0908606273.jpg', 2, 6, CURRENT_TIMESTAMP, CURRENT_TIMESTAMP);
INSERT INTO Book (id,isbn,title,description,release_date,book_image,author_id,category_id,date_created, last_updated) VALUES (7, '9865458963', 'Swami Vivekanand Biography', 'Swami Vivekananda, born Narendranath Datta, was an Indian Hindu monk, a chief disciple of the 19th-century Indian mystic Ramakrishna.', '11/05/2019', '9865458963.jpg', 7, 1, CURRENT_TIMESTAMP, CURRENT_TIMESTAMP);
INSERT INTO Book (id,isbn,title,description,release_date,book_image,author_id,category_id,date_created, last_updated) VALUES (8, '5869547898', 'Karmyog', 'Swamiji tells all about life, how to move ahead in life and works to be done to move.', '11/05/2019', '5869547898.jpg', 7, 1, CURRENT_TIMESTAMP, CURRENT_TIMESTAMP);
INSERT INTO Book (id,isbn,title,description,release_date,book_image,author_id,category_id,date_created, last_updated) VALUES (9, '4589658963', 'Rajayog', 'Vivekananda adapted traditional Hindu ideas and religiosity to suit the needs and understandings of his western audiences.', '11/05/2019', '4589658963.jpg', 7, 1, CURRENT_TIMESTAMP, CURRENT_TIMESTAMP);
INSERT INTO Book (id,isbn,title,description,release_date,book_image,author_id,category_id,date_created, last_updated) VALUES (10, '4747586925', 'Meditation', 'Meditation a book by Swamy Vivekanand.', '11/05/2019', '4747586925.jpg', 7, 1, CURRENT_TIMESTAMP, CURRENT_TIMESTAMP);
INSERT INTO Book (id,isbn,title,description,release_date,book_image,author_id,category_id,date_created, last_updated) VALUES (11, '1593572569', 'Technical Writing Process', 'The simple, five-step process that can be used to create almost any piece of technical documentation such as a user guide, manual or procedure..', '11/05/2019', '1593572569.jpg', 3, 2, CURRENT_TIMESTAMP, CURRENT_TIMESTAMP);
INSERT INTO Book (id,isbn,title,description,release_date,book_image,author_id,category_id,date_created, last_updated) VALUES (12, '3698521478', 'Electronic Engineering', 'Solved Paper practice is important for all serious aspirants preparing for ISRO Scientist/Engineer 2019 recruitment.', '11/05/2019', '3698521478.jpg', 4, 1, CURRENT_TIMESTAMP, CURRENT_TIMESTAMP);
INSERT INTO Book (id,isbn,title,description,release_date,book_image,author_id,category_id,date_created, last_updated) VALUES (13, '3256987458', 'Gateway To ISRO', 'For Electronics & Telecommunication, Electronics & Communication, Electronics & Instrumentation Engg.', '11/05/2019', '3256987458.jpg', 5, 2, CURRENT_TIMESTAMP, CURRENT_TIMESTAMP);
INSERT INTO Book (id,isbn,title,description,release_date,book_image,author_id,category_id,date_created, last_updated) VALUES (14, '3258459863', 'Renewable Energy Sources', 'Show your love for the “green planet” by increasing your knowledge on the renewable energy sources like wind, solar and hydro energy.', '11/05/2019', '3258459863.jpg', 1, 6, CURRENT_TIMESTAMP, CURRENT_TIMESTAMP);
INSERT INTO Book (id,isbn,title,description,release_date,book_image,author_id,category_id,date_created, last_updated) VALUES (15, '7845784578', 'Environment & Ecology A Complete Guide', 'Database System Concepts, by Abraham Silberschatz, Hank Korth, and S. Sudarshan is a best-selling textbook on database systems.', '13/08/2017', '7845784578.jpg', 2, 6, CURRENT_TIMESTAMP, CURRENT_TIMESTAMP);
INSERT INTO Book (id,isbn,title,description,release_date,book_image,author_id,category_id,date_created, last_updated) VALUES (16, '2584903649', 'The Mad Science Book', 'A compelling and entertaining ramble across the wilder fringes of science. 100 chronologically arranged accounts of bizarre scientific experiments..', '25/4/2020', '2584903649.jpg', 4, 1, CURRENT_TIMESTAMP, CURRENT_TIMESTAMP);
INSERT INTO Book (id,isbn,title,description,release_date,book_image,author_id,category_id,date_created, last_updated) VALUES (17, '3258881047', 'Mahabharata The Story of Virtue And Dharma', 'The Mahabharat is one of the most renowned epic poems of all times.', '28/03/1857', '3258881047.jpg', 7, 4, CURRENT_TIMESTAMP, CURRENT_TIMESTAMP);
INSERT INTO Book (id,isbn,title,description,release_date,book_image,author_id,category_id,date_created, last_updated) VALUES (18, '1421586367', 'Ramayana', 'It is a holy book of the Hindus. They read it in the morning. It has been written by the great poet Valmiki. It is an interesting story. Rama is its hero.', '25/02/1987', '1421586367.jpg', 6, 4, CURRENT_TIMESTAMP, CURRENT_TIMESTAMP);
INSERT INTO Book (id,isbn,title,description,release_date,book_image,author_id,category_id,date_created, last_updated) VALUES (19, '6148423501', 'Lal Bahadur Shashtri', 'The life of Lal Bahadur Shastri (1904-66), Indias second prime minister and successor to Jawaharlal Nehru, is the saga of a little man.', '01/12/1969','6148423501.jpg', 5, 5, CURRENT_TIMESTAMP, CURRENT_TIMESTAMP);
INSERT INTO Book (id,isbn,title,description,release_date,book_image,author_id,category_id,date_created, last_updated) VALUES (20, '0125693256', 'The Accidental Prime Minister', 'Sanjaya Baru was media adviser to PM Manmohan Singh from 2004 to 2008 in UPA-I.', '11/05/2019', '0125693256.jpg', 5, 5, CURRENT_TIMESTAMP, CURRENT_TIMESTAMP);

INSERT INTO Published_by (book_id, publisher_id) VALUES (1, 3);
INSERT INTO Published_by (book_id, publisher_id) VALUES (2, 3);
INSERT INTO Published_by (book_id, publisher_id) VALUES (3, 3);
INSERT INTO Published_by (book_id, publisher_id) VALUES (4, 3);
INSERT INTO Published_by (book_id, publisher_id) VALUES (5, 3);
INSERT INTO Published_by (book_id, publisher_id) VALUES (6, 3);
INSERT INTO Published_by (book_id, publisher_id) VALUES (7, 3);
INSERT INTO Published_by (book_id, publisher_id) VALUES (8, 3);
INSERT INTO Published_by (book_id, publisher_id) VALUES (9, 3);
INSERT INTO Published_by (book_id, publisher_id) VALUES (10, 3);

INSERT INTO Published_by (book_id, publisher_id) VALUES (11, 6);
INSERT INTO Published_by (book_id, publisher_id) VALUES (12, 6);
INSERT INTO Published_by (book_id, publisher_id) VALUES (13, 6);
INSERT INTO Published_by (book_id, publisher_id) VALUES (14, 6);
INSERT INTO Published_by (book_id, publisher_id) VALUES (15, 6);
INSERT INTO Published_by (book_id, publisher_id) VALUES (16, 6);
INSERT INTO Published_by (book_id, publisher_id) VALUES (17, 6);
INSERT INTO Published_by (book_id, publisher_id) VALUES (18, 6);
INSERT INTO Published_by (book_id, publisher_id) VALUES (19, 6);
INSERT INTO Published_by (book_id, publisher_id) VALUES (20, 6);

INSERT INTO Review (user_id,book_id,review_text,rating,date_created, last_updated) VALUES (1, 17, 'My 10 year old son is enjoying it and asking doubts so it must be good and engaging. So , if you are buying it for kids and are ready for such questions , Its good.', 5, CURRENT_TIMESTAMP, CURRENT_TIMESTAMP);
INSERT INTO Review (user_id,book_id,review_text,rating,date_created, last_updated) VALUES (2, 17, 'This book is true to the story of the Mahabharatha as it was told to us by our parents and grandparents. Interpretation of events to personal tastes is kept to a minimum. The language is very welcoming.', 5, CURRENT_TIMESTAMP, CURRENT_TIMESTAMP);
INSERT INTO Review (user_id,book_id,review_text,rating,date_created, last_updated) VALUES (3, 17, 'I brought this book for my nieces aged 11 and 9. This book is perfect for introducing children to epic world of Mahabharatha.', 5, CURRENT_TIMESTAMP, CURRENT_TIMESTAMP);
INSERT INTO Review (user_id,book_id,review_text,rating,date_created, last_updated) VALUES (4, 17, 'Received in time. Some other reviews said that some pages were missing , printing not Upto mark etc.
So, first thing checked all pages , all ok.Printing quality is good.', 5, CURRENT_TIMESTAMP, CURRENT_TIMESTAMP);
INSERT INTO Review (user_id,book_id,review_text,rating,date_created, last_updated) VALUES (5, 17, 'One of the best interpretation of our epics . Having owned the previous edition as a child I can vouch that it is a must have to understand our culture and its greatness.', 5, CURRENT_TIMESTAMP, CURRENT_TIMESTAMP);
INSERT INTO Review (user_id,book_id,review_text,rating,date_created, last_updated) VALUES (6, 17, 'Great book for newcomers. Describes events in brief, though at times misses details. Good for kids. If you are totally blank about Mahabharata.', 5, CURRENT_TIMESTAMP, CURRENT_TIMESTAMP);

INSERT INTO Review (user_id,book_id,review_text,rating,date_created, last_updated) VALUES (1, 18, 'My 10 year old son is enjoying it and asking doubts so it must be good and engaging. So , if you are buying it for kids and are ready for such questions , Its good . I am happy as my son is reading it with so much interest.', 5, CURRENT_TIMESTAMP, CURRENT_TIMESTAMP);
INSERT INTO Review (user_id,book_id,review_text,rating,date_created, last_updated) VALUES (2, 18, 'This book is true to the story of the Mahabharatha as it was told to us by our parents and grandparents. Interpretation of events to personal tastes is kept to a minimum. The language is very welcoming.', 5, CURRENT_TIMESTAMP, CURRENT_TIMESTAMP);
INSERT INTO Review (user_id,book_id,review_text,rating,date_created, last_updated) VALUES (3, 18, 'I brought this book for my nieces aged 11 and 9. This book is perfect for introducing children to epic world of Mahabharatha. I also loved this book. Language is simple and writing styled is capticating.', 5, CURRENT_TIMESTAMP, CURRENT_TIMESTAMP);
INSERT INTO Review (user_id,book_id,review_text,rating,date_created, last_updated) VALUES (4, 18, 'Received in time. Some other reviews said that some pages were missing , printing not Upto mark etc.
So, first thing checked all pages , all ok.Printing quality is good.', 5, CURRENT_TIMESTAMP, CURRENT_TIMESTAMP);
INSERT INTO Review (user_id,book_id,review_text,rating,date_created, last_updated) VALUES (5, 18, 'One of the best interpretation of our epics . Having owned the previous edition as a child I can vouch that it is a must have to understand our culture and its greatness.', 5, CURRENT_TIMESTAMP, CURRENT_TIMESTAMP);
INSERT INTO Review (user_id,book_id,review_text,rating,date_created, last_updated) VALUES (6, 18, 'Great book for newcomers. Describes events in brief, though at times misses details. Good for kids. If you are totally blank about Mahabharata, this book is recommended for beginners, as reading 1 lakh verses will take around a year.', 5, CURRENT_TIMESTAMP, CURRENT_TIMESTAMP);


INSERT INTO Review (user_id,book_id,review_text,rating,date_created, last_updated) VALUES (1, 1, 'My 10 year old son is enjoying it and asking doubts so it must be good and engaging. So , if you are buying it for kids and are ready for such questions , Its good.', 5, CURRENT_TIMESTAMP, CURRENT_TIMESTAMP);
INSERT INTO Review (user_id,book_id,review_text,rating,date_created, last_updated) VALUES (2, 2, 'This book is true to the story of the Mahabharatha as it was told to us by our parents and grandparents. Interpretation of events to personal tastes is kept to a minimum. The language is very welcoming.', 4, CURRENT_TIMESTAMP, CURRENT_TIMESTAMP);
INSERT INTO Review (user_id,book_id,review_text,rating,date_created, last_updated) VALUES (3, 3, 'I brought this book for my nieces aged 11 and 9. This book is perfect for introducing children to epic world of Mahabharatha. I also loved this book. Language is simple and writing styled is capticating.', 4, CURRENT_TIMESTAMP, CURRENT_TIMESTAMP);
INSERT INTO Review (user_id,book_id,review_text,rating,date_created, last_updated) VALUES (4, 4, 'Received in time. Some other reviews said that some pages were missing , printing not Upto mark etc.
So, first thing checked all pages , all ok.Printing quality is good.', 4, CURRENT_TIMESTAMP, CURRENT_TIMESTAMP);
INSERT INTO Review (user_id,book_id,review_text,rating,date_created, last_updated) VALUES (5, 5, 'One of the best interpretation of our epics . Having owned the previous edition as a child I can vouch that it is a must have to understand our culture and its greatness.', 4, CURRENT_TIMESTAMP, CURRENT_TIMESTAMP);
INSERT INTO Review (user_id,book_id,review_text,rating,date_created, last_updated) VALUES (6, 6, 'Great book for newcomers. Describes events in brief, though at times misses details. Good for kids. If you are totally blank about Mahabharata.', 5, CURRENT_TIMESTAMP, CURRENT_TIMESTAMP);

INSERT INTO Review (user_id,book_id,review_text,rating,date_created, last_updated) VALUES (6, 1, 'My 10 year old son is enjoying it and asking doubts so it must be good and engaging. So , if you are buying it for kids and are ready for such questions , Its good.', 5, CURRENT_TIMESTAMP, CURRENT_TIMESTAMP);
INSERT INTO Review (user_id,book_id,review_text,rating,date_created, last_updated) VALUES (5, 2, 'This book is true to the story of the Mahabharatha as it was told to us by our parents and grandparents. Interpretation of events to personal tastes is kept to a minimum. The language is very welcoming.', 4, CURRENT_TIMESTAMP, CURRENT_TIMESTAMP);
INSERT INTO Review (user_id,book_id,review_text,rating,date_created, last_updated) VALUES (4, 3, 'I brought this book for my nieces aged 11 and 9. This book is perfect for introducing children to epic world of Mahabharatha. I also loved this book. Language is simple and writing styled is capticating.', 4, CURRENT_TIMESTAMP, CURRENT_TIMESTAMP);
INSERT INTO Review (user_id,book_id,review_text,rating,date_created, last_updated) VALUES (3, 4, 'Received in time. Some other reviews said that some pages were missing , printing not Upto mark etc.
So, first thing checked all pages , all ok.Printing quality is good.', 4, CURRENT_TIMESTAMP, CURRENT_TIMESTAMP);
INSERT INTO Review (user_id,book_id,review_text,rating,date_created, last_updated) VALUES (2, 5, 'One of the best interpretation of our epics . Having owned the previous edition as a child I can vouch that it is a must have to understand our culture and its greatness.', 4, CURRENT_TIMESTAMP, CURRENT_TIMESTAMP);
INSERT INTO Review (user_id,book_id,review_text,rating,date_created, last_updated) VALUES (1, 6, 'Great book for newcomers. Describes events in brief, though at times misses details. Good for kids. If you are totally blank about Mahabharata.', 5, CURRENT_TIMESTAMP, CURRENT_TIMESTAMP);

INSERT INTO Review (user_id,book_id,review_text,rating,date_created, last_updated) VALUES (1, 7, 'My 10 year old son is enjoying it and asking doubts so it must be good and engaging. So , if you are buying it for kids and are ready for such questions , Its good.', 5, CURRENT_TIMESTAMP, CURRENT_TIMESTAMP);
INSERT INTO Review (user_id,book_id,review_text,rating,date_created, last_updated) VALUES (2, 8, 'This book is true to the story of the Mahabharatha as it was told to us by our parents and grandparents. Interpretation of events to personal tastes is kept to a minimum. The language is very welcoming.', 4, CURRENT_TIMESTAMP, CURRENT_TIMESTAMP);
INSERT INTO Review (user_id,book_id,review_text,rating,date_created, last_updated) VALUES (3, 9, 'I brought this book for my nieces aged 11 and 9. This book is perfect for introducing children to epic world of Mahabharatha. I also loved this book. Language is simple and writing styled is capticating.', 4, CURRENT_TIMESTAMP, CURRENT_TIMESTAMP);
INSERT INTO Review (user_id,book_id,review_text,rating,date_created, last_updated) VALUES (4, 10, 'Received in time. Some other reviews said that some pages were missing , printing not Upto mark etc.
So, first thing checked all pages , all ok.Printing quality is good.', 4, CURRENT_TIMESTAMP, CURRENT_TIMESTAMP);
INSERT INTO Review (user_id,book_id,review_text,rating,date_created, last_updated) VALUES (5, 11, 'One of the best interpretation of our epics . Having owned the previous edition as a child I can vouch that it is a must have to understand our culture and its greatness.', 4, CURRENT_TIMESTAMP, CURRENT_TIMESTAMP);
INSERT INTO Review (user_id,book_id,review_text,rating,date_created, last_updated) VALUES (6, 12, 'Great book for newcomers. Describes events in brief, though at times misses details. Good for kids. If you are totally blank about Mahabharata.', 5, CURRENT_TIMESTAMP, CURRENT_TIMESTAMP);

INSERT INTO Review (user_id,book_id,review_text,rating,date_created, last_updated) VALUES (6, 7, 'My 10 year old son is enjoying it and asking doubts so it must be good and engaging. So , if you are buying it for kids and are ready for such questions , Its good.', 5, CURRENT_TIMESTAMP, CURRENT_TIMESTAMP);
INSERT INTO Review (user_id,book_id,review_text,rating,date_created, last_updated) VALUES (5, 8, 'This book is true to the story of the Mahabharatha as it was told to us by our parents and grandparents. Interpretation of events to personal tastes is kept to a minimum. The language is very welcoming.', 4, CURRENT_TIMESTAMP, CURRENT_TIMESTAMP);
INSERT INTO Review (user_id,book_id,review_text,rating,date_created, last_updated) VALUES (4, 9, 'I brought this book for my nieces aged 11 and 9. This book is perfect for introducing children to epic world of Mahabharatha. I also loved this book. Language is simple and writing styled is capticating.', 4, CURRENT_TIMESTAMP, CURRENT_TIMESTAMP);
INSERT INTO Review (user_id,book_id,review_text,rating,date_created, last_updated) VALUES (3, 10, 'Received in time. Some other reviews said that some pages were missing , printing not Upto mark etc.
So, first thing checked all pages , all ok.Printing quality is good.', 4, CURRENT_TIMESTAMP, CURRENT_TIMESTAMP);
INSERT INTO Review (user_id,book_id,review_text,rating,date_created, last_updated) VALUES (2, 11, 'One of the best interpretation of our epics . Having owned the previous edition as a child I can vouch that it is a must have to understand our culture and its greatness.', 4, CURRENT_TIMESTAMP, CURRENT_TIMESTAMP);
INSERT INTO Review (user_id,book_id,review_text,rating,date_created, last_updated) VALUES (1, 12, 'Great book for newcomers. Describes events in brief, though at times misses details. Good for kids. If you are totally blank about Mahabharata.', 5, CURRENT_TIMESTAMP, CURRENT_TIMESTAMP);

INSERT INTO Review (user_id,book_id,review_text,rating,date_created, last_updated) VALUES (1, 13, 'My 10 year old son is enjoying it and asking doubts so it must be good and engaging. So , if you are buying it for kids and are ready for such questions , Its good.', 5, CURRENT_TIMESTAMP, CURRENT_TIMESTAMP);
INSERT INTO Review (user_id,book_id,review_text,rating,date_created, last_updated) VALUES (2, 14, 'This book is true to the story of the Mahabharatha as it was told to us by our parents and grandparents. Interpretation of events to personal tastes is kept to a minimum. The language is very welcoming.', 4, CURRENT_TIMESTAMP, CURRENT_TIMESTAMP);
INSERT INTO Review (user_id,book_id,review_text,rating,date_created, last_updated) VALUES (3, 15, 'I brought this book for my nieces aged 11 and 9. This book is perfect for introducing children to epic world of Mahabharatha. I also loved this book. Language is simple and writing styled is capticating.', 4, CURRENT_TIMESTAMP, CURRENT_TIMESTAMP);
INSERT INTO Review (user_id,book_id,review_text,rating,date_created, last_updated) VALUES (4, 16, 'Received in time. Some other reviews said that some pages were missing , printing not Upto mark etc.
So, first thing checked all pages , all ok.Printing quality is good.', 4, CURRENT_TIMESTAMP, CURRENT_TIMESTAMP);
INSERT INTO Review (user_id,book_id,review_text,rating,date_created, last_updated) VALUES (5, 19, 'One of the best interpretation of our epics . Having owned the previous edition as a child I can vouch that it is a must have to understand our culture and its greatness.', 4, CURRENT_TIMESTAMP, CURRENT_TIMESTAMP);
INSERT INTO Review (user_id,book_id,review_text,rating,date_created, last_updated) VALUES (6, 20, 'Great book for newcomers. Describes events in brief, though at times misses details. Good for kids. If you are totally blank about Mahabharata.', 5, CURRENT_TIMESTAMP, CURRENT_TIMESTAMP);

INSERT INTO Review (user_id,book_id,review_text,rating,date_created, last_updated) VALUES (6, 13, 'My 10 year old son is enjoying it and asking doubts so it must be good and engaging. So , if you are buying it for kids and are ready for such questions , Its good.', 5, CURRENT_TIMESTAMP, CURRENT_TIMESTAMP);
INSERT INTO Review (user_id,book_id,review_text,rating,date_created, last_updated) VALUES (5, 14, 'This book is true to the story of the Mahabharatha as it was told to us by our parents and grandparents. Interpretation of events to personal tastes is kept to a minimum. The language is very welcoming.', 4, CURRENT_TIMESTAMP, CURRENT_TIMESTAMP);
INSERT INTO Review (user_id,book_id,review_text,rating,date_created, last_updated) VALUES (4, 15, 'I brought this book for my nieces aged 11 and 9. This book is perfect for introducing children to epic world of Mahabharatha. I also loved this book. Language is simple and writing styled is capticating.', 4, CURRENT_TIMESTAMP, CURRENT_TIMESTAMP);
INSERT INTO Review (user_id,book_id,review_text,rating,date_created, last_updated) VALUES (3, 16, 'Received in time. Some other reviews said that some pages were missing , printing not Upto mark etc.
So, first thing checked all pages , all ok.Printing quality is good.', 4, CURRENT_TIMESTAMP, CURRENT_TIMESTAMP);
INSERT INTO Review (user_id,book_id,review_text,rating,date_created, last_updated) VALUES (2, 19, 'One of the best interpretation of our epics . Having owned the previous edition as a child I can vouch that it is a must have to understand our culture and its greatness.', 4, CURRENT_TIMESTAMP, CURRENT_TIMESTAMP);
INSERT INTO Review (user_id,book_id,review_text,rating,date_created, last_updated) VALUES (1, 20, 'Great book for newcomers. Describes events in brief, though at times misses details. Good for kids. If you are totally blank about Mahabharata.', 5, CURRENT_TIMESTAMP, CURRENT_TIMESTAMP);